Model,Accuracy,Balanced Accuracy,Macro Precision,Macro Recall,Macro F1,Weighted F1
Baseline ANN,0.7597222222222222,0.7464413195846055,0.543665654411923,0.7464413195846055,0.5770509655539312,0.8193913499009842
Tuned ANN,0.8048611111111111,0.7273177835818495,0.6085893249898356,0.7273177835818495,0.6284423254882913,0.8510322193857011
