Model,Accuracy,Precision,Recall,F1 Score
Baseline Random Forest,0.9958333333333333,0.9690990320178704,0.9984996249062266,0.9833797497352785
Tuned Random Forest,0.9958333333333333,0.9690990320178704,0.9984996249062266,0.9833797497352785
