model,accuracy,precision_macro,recall_macro,f1_macro
Random Forest (baseline),0.9958333333333333,0.9690990320178704,0.9984996249062266,0.9833797497352785
